{
    "name": "上海文化物质遗产",
    "children": [
        {
            "name": "黄浦区",
            "children": [
                {
                    "name": "上海博物馆",
                    "value": "46.6"
                },
                {
                    "name": "上海市历史博物馆",
                    "value": "26.5"
                },
                {
                    "name": "上海世博会博物馆",
                    "value": "18.9"
                },
                {
                    "name": "中华艺术宫",
                    "value": "17.1"
                },
                {
                    "name": "上海豫园管理处",
                    "value": "16.1"
                },
                {
                    "name": "上海隧道科技馆",
                    "value": "13.8"
                },
                {
                    "name": "上海电信博物馆",
                    "value": "13.5"
                },
                {
                    "name": "上海孙中山故居纪念馆",
                    "value": "13.2"
                },
                {
                    "name": "上海韬奋纪念馆",
                    "value": "11.2"
                },
                {
                    "name": "indietro",
                    "value": "10.7"
                },
                {
                    "name": "上海琉璃艺术博物馆",
                    "value": "10.5"
                },
                {
                    "name": "丰子恺旧居陈列室",
                    "value": "10.4"
                },
                {
                    "name": "上海民政博物馆",
                    "value": "9.6"
                }
            ]
        },
        {
            "name": "静安区",
            "children": [
                {
                    "name": "中共二大会会址纪念馆",
                    "value": "12.4"
                },
                {
                    "name": "上海蔡元培故居陈列馆",
                    "value": "12.1"
                },
                {
                    "name": "上海毛泽东旧居陈列馆",
                    "value": "6.9"
                },
                {
                    "name": "中共上海地下组织斗争史陈列馆",
                    "value": "6"
                }
            ]
        },
        {
            "name": "徐汇区",
            "children": [
                {
                    "name": "上海龙华烈士纪念馆",
                    "value": "20.9"
                },
                {
                    "name": "上海宋庆龄故居纪念馆",
                    "value": "20.2"
                },
                {
                    "name": "上海市黄道婆纪念馆",
                    "value": "15.2"
                },
                {
                    "name": "徐光启纪念馆",
                    "value": "14.5"
                },
                {
                    "name": "上海公安博物馆",
                    "value": "11.1"
                },
                {
                    "name": "上海昆虫博物馆",
                    "value": "7.6"
                },
                {
                    "name": "钱学森图书馆",
                    "value": "6.3"
                }
            ]
        },
        {
            "name": "长宁区",
            "children": [
                {
                    "name": "宋庆龄生平事迹陈列馆",
                    "value": "46.5"
                },
                {
                    "name": "上海消防博物馆",
                    "value": "45.8"
                },
                {
                    "name": "上海市长宁区革命文物陈列馆",
                    "value": "29.9"
                },
                {
                    "name": "刘海粟美术馆",
                    "value": "16.2"
                },
                {
                    "name": "上海儿童博物馆",
                    "value": "15.9"
                }
            ]
        },
        {
            "name": "杨浦区 ",
            "children": [
                {
                    "name": "上海中国烟草博物馆",
                    "value": "24.7"
                },
                {
                    "name": "上海院士风采馆",
                    "value": "21.7"
                },
                {
                    "name": "上海理工大学上海印刷博物馆",
                    "value": "11.9"
                },
                {
                    "name": "上海体育学院中国武术博物馆",
                    "value": "9.9"
                },
                {
                    "name": "国歌展示馆",
                    "value": "9.4"
                }
            ]
        },
        {
            "name": "浦东新区",
            "children": [
                {
                    "name": "上海科技馆",
                    "value": "69.9"
                },
                {
                    "name": "上海黄炎培故居",
                    "value": "35.9"
                },
                {
                    "name": "上海自然博物馆",
                    "value": "22.4"
                },
                {
                    "name": "上海吴昌硕纪念馆",
                    "value": "21.2"
                },
                {
                    "name": "上海张闻天故居",
                    "value": "20.3"
                },
                {
                    "name": "上海市银行博物馆",
                    "value": "18"
                },
                {
                    "name": "历道证券博物馆",
                    "value": "15.1"
                },
                {
                    "name": "上海美特斯邦威服饰博物馆",
                    "value": "15.1"
                },
                {
                    "name": "上海中国航海博物馆",
                    "value": "13.1"
                },
                {
                    "name": "高桥历史文化陈列馆",
                    "value": "12.9"
                },
                {
                    "name": "新场历史文化陈列馆",
                    "value": "12.6"
                }
            ]
        },
        {
            "name": "虹口区",
            "children": [
                {
                    "name": "上海鲁迅纪念馆",
                    "value": "4.4"
                },
                {
                    "name": "朱屺瞻艺术馆",
                    "value": "4.4"
                },
                {
                    "name": "沈尹默故居",
                    "value": "4"
                },
                {
                    "name": "中共四大纪念馆",
                    "value": "4"
                },
                {
                    "name": "上海邮政博物馆",
                    "value": "3.9"
                },
                {
                    "name": "上海犹太难民纪念馆",
                    "value": "3.2"
                }
            ]
        },
        {
            "name": "闸北区",
            "children": [
                {
                    "name": "闸北革命史料陈列馆",
                    "value": "10.7"
                },
                {
                    "name": "上海铁路博物馆",
                    "value": "9.7"
                },
                {
                    "name": "上海眼镜博物馆",
                    "value": "9.1"
                }
            ]
        },
        {
            "name": "普陀区",
            "children": [
                {
                    "name": "上海元代水闸遗址博物馆",
                    "value": "19.7"
                },
                {
                    "name": "上海纺织博物馆",
                    "value": "32.7"
                },
                {
                    "name": "顾正红纪念馆",
                    "value": "29.1"
                }
            ]
        },
        {
            "name": "闵行区",
            "children": [
                {
                    "name": "上海市闵行区博物馆",
                    "value": "3.7"
                },
                {
                    "name": "上海民族乐器博物馆",
                    "value": "19.7"
                },
                {
                    "name": "张充仁纪念馆",
                    "value": "6"
                }
            ]
        },
        {
            "name": "宝山区",
            "children": [
                {
                    "name": "上海淞沪抗战纪念馆（闭馆改造中）",
                    "value": "30"
                },
                {
                    "name": "上海陈化成纪念馆",
                    "value": "2"
                },
                {
                    "name": "上海市陶行知纪念馆",
                    "value": "15"
                },
                {
                    "name": "中国人民解放军海军上海博览馆",
                    "value": "32"
                },
                {
                    "name": "上海玻璃博物馆",
                    "value": "34"
                },
                {
                    "name": "上海解放纪念馆",
                    "value": "8"
                }
            ]
        },
        {
            "name": "嘉定区",
            "children": [
                {
                    "name": "嘉定博物馆",
                    "value": "3.7"
                },
                {
                    "name": "上海汽车博物馆",
                    "value": "19.7"
                },
                {
                    "name": "陆俨少艺术院",
                    "value": "6"
                },
                {
                    "name": "顾维钧生平陈列室",
                    "value": "19.7"
                },
                {
                    "name": "四海壶具博物馆",
                    "value": "6"
                },
                {
                    "name": "嘉定竹刻博物馆",
                    "value": "6"
                }
            ]
        }
    ]
}