{
    "data": [
        {
            "timestamp": "2014-09-25T00:00:00",
            "value": {
                "peoplenum": 0
            }
        },
        {
            "timestamp": "2014-09-25T01:00:00",
            "value": {
                "peoplenum": 0
            }
        },
        {
            "timestamp": "2014-09-25T02:00:00",
            "value": {
                "peoplenum": 0
            }
        },
        {
            "timestamp": "2014-09-25T03:00:00",
            "value": {
                "peoplenum": 0
            }
        },
        {
            "timestamp": "2014-09-25T04:00:00",
            "value": {
                "peoplenum": 0
            }
        },
        {
            "timestamp": "2014-09-25T05:00:00",
            "value": {
                "peoplenum": 0
            }
        },
        {
            "timestamp": "2014-09-25T06:00:00",
            "value": {
                "peoplenum": 0
            }
        },
        {
            "timestamp": "2014-09-25T07:00:00",
            "value": {
                "peoplenum": 30
            }
        },
        {
            "timestamp": "2014-09-25T08:00:00",
            "value": {
                "peoplenum": 45
            }
        },
        {
            "timestamp": "2014-09-25T09:00:00",
            "value": {
                "peoplenum": 189
            }
        },
        {
            "timestamp": "2014-09-25T10:00:00",
            "value": {
                "peoplenum": 94
            }
        },
        {
            "timestamp": "2014-09-25T11:00:00",
            "value": {
                "peoplenum": 285
            }
        },
        {
            "timestamp": "2014-09-25T12:00:00",
            "value": {
                "peoplenum": 269
            }
        },
        {
            "timestamp": "2014-09-25T13:00:00",
            "value": {
                "peoplenum": 82
            }
        },
        {
            "timestamp": "2014-09-25T14:00:00",
            "value": {
                "peoplenum": 244
            }
        },
        {
            "timestamp": "2014-09-25T15:00:00",
            "value": {
                "peoplenum": 363
            }
        },
        {
            "timestamp": "2014-09-25T16:00:00",
            "value": {
                "peoplenum": 97
            }
        },
        {
            "timestamp": "2014-09-25T17:00:00",
            "value": {
                "peoplenum": 44
            }
        },
        {
            "timestamp": "2014-09-25T18:00:00",
            "value": {
                "peoplenum": 28
            }
        },
        {
            "timestamp": "2014-09-25T19:00:00",
            "value": {
                "peoplenum": 15
            }
        },
        {
            "timestamp": "2014-09-25T20:00:00",
            "value": {
                "peoplenum": 44
            }
        },
        {
            "timestamp": "2014-09-25T21:00:00",
            "value": {
                "peoplenum": 36
            }
        },
        {
            "timestamp": "2014-09-25T22:00:00",
            "value": {
                "peoplenum": 1
            }
        },
        {
            "timestamp": "2014-09-25T23:00:00",
            "value": {
                "peoplenum": 0
            }
        },
        {
            "timestamp": "2014-09-26T00:00:00",
            "value": {
                "peoplenum": 0
            }
        },
        {
            "timestamp": "2014-09-26T01:00:00",
            "value": {
                "peoplenum": 0
            }
        },
        {
            "timestamp": "2014-09-26T02:00:00",
            "value": {
                "peoplenum": 0
            }
        },
        {
            "timestamp": "2014-09-26T03:00:00",
            "value": {
                "peoplenum": 0
            }
        },
        {
            "timestamp": "2014-09-26T04:00:00",
            "value": {
                "peoplenum": 0
            }
        },
        {
            "timestamp": "2014-09-26T05:00:00",
            "value": {
                "peoplenum": 1
            }
        },
        {
            "timestamp": "2014-09-26T06:00:00",
            "value": {
                "peoplenum": 1
            }
        },
        {
            "timestamp": "2014-09-26T07:00:00",
            "value": {
                "peoplenum": 69
            }
        },
        {
            "timestamp": "2014-09-26T08:00:00",
            "value": {
                "peoplenum": 20
            }
        },
        {
            "timestamp": "2014-09-26T09:00:00",
            "value": {
                "peoplenum": 108
            }
        },
        {
            "timestamp": "2014-09-26T10:00:00",
            "value": {
                "peoplenum": 215
            }
        },
        {
            "timestamp": "2014-09-26T11:00:00",
            "value": {
                "peoplenum": 208
            }
        },
        {
            "timestamp": "2014-09-26T12:00:00",
            "value": {
                "peoplenum": 239
            }
        },
        {
            "timestamp": "2014-09-26T13:00:00",
            "value": {
                "peoplenum": 242
            }
        },
        {
            "timestamp": "2014-09-26T14:00:00",
            "value": {
                "peoplenum": 52
            }
        },
        {
            "timestamp": "2014-09-26T15:00:00",
            "value": {
                "peoplenum": 39
            }
        },
        {
            "timestamp": "2014-09-26T16:00:00",
            "value": {
                "peoplenum": 54
            }
        },
        {
            "timestamp": "2014-09-26T17:00:00",
            "value": {
                "peoplenum": 18
            }
        },
        {
            "timestamp": "2014-09-26T18:00:00",
            "value": {
                "peoplenum": 18
            }
        },
        {
            "timestamp": "2014-09-26T19:00:00",
            "value": {
                "peoplenum": 19
            }
        },
        {
            "timestamp": "2014-09-26T20:00:00",
            "value": {
                "peoplenum": 6
            }
        },
        {
            "timestamp": "2014-09-26T21:00:00",
            "value": {
                "peoplenum": 6
            }
        },
        {
            "timestamp": "2014-09-26T22:00:00",
            "value": {
                "peoplenum":3
            }
        },
        {
            "timestamp": "2014-09-26T23:00:00",
            "value": {
                "peoplenum": 0
            }
        },
        {
            "timestamp": "2014-09-27T00:00:00",
            "value": {
                "peoplenum": 0
            }
        },
        {
            "timestamp": "2014-09-27T01:00:00",
            "value": {
                "peoplenum": 0
            }
        },
        {
            "timestamp": "2014-09-27T02:00:00",
            "value": {
                "peoplenum": 0
            }
        },
        {
            "timestamp": "2014-09-27T03:00:00",
            "value": {
                "peoplenum": 0
            }
        },
        {
            "timestamp": "2014-09-27T04:00:00",
            "value": {
                "peoplenum": 0
            }
        },
        {
            "timestamp": "2014-09-27T05:00:00",
            "value": {
                "peoplenum": 0
            }
        },
        {
            "timestamp": "2014-09-27T06:00:00",
            "value": {
                "peoplenum": 0
            }
        },
        {
            "timestamp": "2014-09-27T07:00:00",
            "value": {
                "peoplenum": 21
            }
        },
        {
            "timestamp": "2014-09-27T08:00:00",
            "value": {
                "peoplenum": 84
            }
        },
        {
            "timestamp": "2014-09-27T09:00:00",
            "value": {
                "peoplenum": 165
            }
        },
        {
            "timestamp": "2014-09-27T10:00:00",
            "value": {
                "peoplenum": 751
            }
        },
        {
            "timestamp": "2014-09-27T11:00:00",
            "value": {
                "peoplenum": 292
            }
        },
        {
            "timestamp": "2014-09-27T12:00:00",
            "value": {
                "peoplenum": 297
            }
        },
        {
            "timestamp": "2014-09-27T13:00:00",
            "value": {
                "peoplenum": 23
            }
        },
        {
            "timestamp": "2014-09-27T14:00:00",
            "value": {
                "peoplenum": 538
            }
        },
        {
            "timestamp": "2014-09-27T15:00:00",
            "value": {
                "peoplenum": 127
            }
        },
        {
            "timestamp": "2014-09-27T16:00:00",
            "value": {
                "peoplenum": 17
            }
        },
        {
            "timestamp": "2014-09-27T17:00:00",
            "value": {
                "peoplenum":  12
            }
        },
        {
            "timestamp": "2014-09-27T18:00:00",
            "value": {
                "peoplenum":   54
            }
        },
        {
            "timestamp": "2014-09-27T19:00:00",
            "value": {
                "peoplenum":  29
            }
        },
        {
            "timestamp": "2014-09-27T20:00:00",
            "value": {
                "peoplenum": 3
            }
        },
        {
            "timestamp": "2014-09-27T21:00:00",
            "value": {
                "peoplenum": 9
            }
        },
        {
            "timestamp": "2014-09-27T22:00:00",
            "value": {
                "peoplenum":9
            }
        },
        {
            "timestamp": "2014-09-27T23:00:00",
            "value": {
                "peoplenum": 4
            }
        },
        {
            "timestamp": "2014-09-28T00:00:00",
            "value": {
                "peoplenum": 1
            }
        },
        {
            "timestamp": "2014-09-28T01:00:00",
            "value": {
                "peoplenum": 5
            }
        },
        {
            "timestamp": "2014-09-28T02:00:00",
            "value": {
                "peoplenum": 0
            }
        },
        {
            "timestamp": "2014-09-28T03:00:00",
            "value": {
                "peoplenum": 0
            }
        },
        {
            "timestamp": "2014-09-28T04:00:00",
            "value": {
                "peoplenum": 0
            }
        },
        {
            "timestamp": "2014-09-28T05:00:00",
            "value": {
                "peoplenum": 0
            }
        },
        {
            "timestamp": "2014-09-28T06:00:00",
            "value": {
                "peoplenum": 0
            }
        },
        {
            "timestamp": "2014-09-28T07:00:00",
            "value": {
                "peoplenum": 9
            }
        },
        {
            "timestamp": "2014-09-28T08:00:00",
            "value": {
                "peoplenum": 134
            }
        },
        {
            "timestamp": "2014-09-28T09:00:00",
            "value": {
                "peoplenum": 30
            }
        },
        {
            "timestamp": "2014-09-28T10:00:00",
            "value": {
                "peoplenum": 354
            }
        },
        {
            "timestamp": "2014-09-28T11:00:00",
            "value": {
                "peoplenum": 361
            }
        },
        {
            "timestamp": "2014-09-28T12:00:00",
            "value": {
                "peoplenum": 41
            }
        },
        {
            "timestamp": "2014-09-28T13:00:00",
            "value": {
                "peoplenum": 71
            }
        },
        {
            "timestamp": "2014-09-28T14:00:00",
            "value": {
                "peoplenum": 73
            }
        },
        {
            "timestamp": "2014-09-28T15:00:00",
            "value": {
                "peoplenum": 496
            }
        },
        {
            "timestamp": "2014-09-28T16:00:00",
            "value": {
                "peoplenum": 43
            }
        },
        {
            "timestamp": "2014-09-28T17:00:00",
            "value": {
                "peoplenum": 49
            }
        },
        {
            "timestamp": "2014-09-28T18:00:00",
            "value": {
                "peoplenum": 29
            }
        },
        {
            "timestamp": "2014-09-28T19:00:00",
            "value": {
                "peoplenum": 18
            }
        },
        {
            "timestamp": "2014-09-28T20:00:00",
            "value": {
                "peoplenum": 6
            }
        },
        {
            "timestamp": "2014-09-28T21:00:00",
            "value": {
                "peoplenum": 6
            }
        },
        {
            "timestamp": "2014-09-28T22:00:00",
            "value": {
                "peoplenum": 7
            }
        },
        {
            "timestamp": "2014-09-28T23:00:00",
            "value": {
                "peoplenum": 5
            }
        },
        {
            "timestamp": "2014-09-29T00:00:00",
            "value": {
                "peoplenum": 4
            }
        },
        {
            "timestamp": "2014-09-29T01:00:00",
            "value": {
                "peoplenum": 7
            }
        },
        {
            "timestamp": "2014-09-29T02:00:00",
            "value": {
                "peoplenum": 0
            }
        },
        {
            "timestamp": "2014-09-29T03:00:00",
            "value": {
                "peoplenum": 0
            }
        },
        {
            "timestamp": "2014-09-29T04:00:00",
            "value": {
                "peoplenum": 0
            }
        },
        {
            "timestamp": "2014-09-29T05:00:00",
            "value": {
                "peoplenum":0
            }
        },
        {
            "timestamp": "2014-09-29T06:00:00",
            "value": {
                "peoplenum": 1
            }
        },
        {
            "timestamp": "2014-09-29T07:00:00",
            "value": {
                "peoplenum": 1
            }
        },
        {
            "timestamp": "2014-09-29T08:00:00",
            "value": {
                "peoplenum": 155
            }
        },
        {
            "timestamp": "2014-09-29T09:00:00",
            "value": {
                "peoplenum": 112
            }
        },
        {
            "timestamp": "2014-09-29T10:00:00",
            "value": {
                "peoplenum": 23
            }
        },
        {
            "timestamp": "2014-09-29T11:00:00",
            "value": {
                "peoplenum": 125
            }
        },
        {
            "timestamp": "2014-09-29T12:00:00",
            "value": {
                "peoplenum": 104
            }
        },
        {
            "timestamp": "2014-09-29T13:00:00",
            "value": {
                "peoplenum": 11
            }
        },
        {
            "timestamp": "2014-09-29T14:00:00",
            "value": {
                "peoplenum": 655
            }
        },
        {
            "timestamp": "2014-09-29T15:00:00",
            "value": {
                "peoplenum": 264
            }
        },
        {
            "timestamp": "2014-09-29T16:00:00",
            "value": {
                "peoplenum": 275
            }
        },
        {
            "timestamp": "2014-09-29T17:00:00",
            "value": {
                "peoplenum": 71
            }
        },
        {
            "timestamp": "2014-09-29T18:00:00",
            "value": {
                "peoplenum": 81
            }
        },
        {
            "timestamp": "2014-09-29T19:00:00",
            "value": {
                "peoplenum": 91
            }
        },
        {
            "timestamp": "2014-09-29T20:00:00",
            "value": {
                "peoplenum": 12
            }
        },
        {
            "timestamp": "2014-09-29T21:00:00",
            "value": {
                "peoplenum": 10
            }
        },
        {
            "timestamp": "2014-09-29T22:00:00",
            "value": {
                "peoplenum": 7
            }
        },
        {
            "timestamp": "2014-09-29T23:00:00",
            "value": {
                "peoplenum":4
            }
        },
        {
            "timestamp": "2014-09-30T00:00:00",
            "value": {
                "peoplenum": 9
            }
        },
        {
            "timestamp": "2014-09-30T01:00:00",
            "value": {
                "peoplenum": 6
            }
        },
        {
            "timestamp": "2014-09-30T02:00:00",
            "value": {
                "peoplenum": 0
            }
        },
        {
            "timestamp": "2014-09-30T03:00:00",
            "value": {
                "peoplenum": 0
            }
        },
        {
            "timestamp": "2014-09-30T04:00:00",
            "value": {
                "peoplenum": 0
            }
        },
        {
            "timestamp": "2014-09-30T05:00:00",
            "value": {
                "peoplenum": 0
            }
        },
        {
            "timestamp": "2014-09-30T06:00:00",
            "value": {
                "peoplenum":0
            }
        },
        {
            "timestamp": "2014-09-30T07:00:00",
            "value": {
                "peoplenum": 14
            }
        },
        {
            "timestamp": "2014-09-30T08:00:00",
            "value": {
                "peoplenum": 524
            }
        },
        {
            "timestamp": "2014-09-30T09:00:00",
            "value": {
                "peoplenum": 320
            }
        },
        {
            "timestamp": "2014-09-30T10:00:00",
            "value": {
                "peoplenum": 219
            }
        },
        {
            "timestamp": "2014-09-30T11:00:00",
            "value": {
                "peoplenum": 146
            }
        },
        {
            "timestamp": "2014-09-30T12:00:00",
            "value": {
                "peoplenum": 315
            }
        },
        {
            "timestamp": "2014-09-30T13:00:00",
            "value": {
                "peoplenum": 206
            }
        },
        {
            "timestamp": "2014-09-30T14:00:00",
            "value": {
                "peoplenum": 312
            }
        },
        {
            "timestamp": "2014-09-30T15:00:00",
            "value": {
                "peoplenum": 357
            }
        },
        {
            "timestamp": "2014-09-30T16:00:00",
            "value": {
                "peoplenum": 88
            }
        },
        {
            "timestamp": "2014-09-30T17:00:00",
            "value": {
                "peoplenum": 16
            }
        },
        {
            "timestamp": "2014-09-30T18:00:00",
            "value": {
                "peoplenum": 41
            }
        },
        {
            "timestamp": "2014-09-30T19:00:00",
            "value": {
                "peoplenum": 39
            }
        },
        {
            "timestamp": "2014-09-30T20:00:00",
            "value": {
                "peoplenum": 8
            }
        },
        {
            "timestamp": "2014-09-30T21:00:00",
            "value": {
                "peoplenum": 6
            }
        },
        {
            "timestamp": "2014-09-30T22:00:00",
            "value": {
                "peoplenum": 5
            }
        },
        {
            "timestamp": "2014-09-30T23:00:00",
            "value": {
                "peoplenum": 9
            }
        },
        {
            "timestamp": "2014-10-01T00:00:00",
            "value": {
                "peoplenum": 0
            }
        },
        {
            "timestamp": "2014-10-01T01:00:00",
            "value": {
                "peoplenum": 0
            }
        },
        {
            "timestamp": "2014-10-01T02:00:00",
            "value": {
                "peoplenum": 0
            }
        },
        {
            "timestamp": "2014-10-01T03:00:00",
            "value": {
                "peoplenum": 0
            }
        },
        {
            "timestamp": "2014-10-01T04:00:00",
            "value": {
                "peoplenum": 0
            }
        },
        {
            "timestamp": "2014-10-01T05:00:00",
            "value": {
                "peoplenum": 0
            }
        },
        {
            "timestamp": "2014-10-01T06:00:00",
            "value": {
                "peoplenum": 0
            }
        },
        {
            "timestamp": "2014-10-01T07:00:00",
            "value": {
                "peoplenum": 6
            }
        },
        {
            "timestamp": "2014-10-01T08:00:00",
            "value": {
                "peoplenum": 151
            }
        },
        {
            "timestamp": "2014-10-01T09:00:00",
            "value": {
                "peoplenum": 267
            }
        },
        {
            "timestamp": "2014-10-01T10:00:00",
            "value": {
                "peoplenum": 235
            }
        },
        {
            "timestamp": "2014-10-01T11:00:00",
            "value": {
                "peoplenum": 226
            }
        },
        {
            "timestamp": "2014-10-01T12:00:00",
            "value": {
                "peoplenum": 28
            }
        },
        {
            "timestamp": "2014-10-01T13:00:00",
            "value": {
                "peoplenum": 179
            }
        },
        {
            "timestamp": "2014-10-01T14:00:00",
            "value": {
                "peoplenum": 545
            }
        },
        {
            "timestamp": "2014-10-01T15:00:00",
            "value": {
                "peoplenum": 869
            }
        },
        {
            "timestamp": "2014-10-01T16:00:00",
            "value": {
                "peoplenum": 87
            }
        },
        {
            "timestamp": "2014-10-01T17:00:00",
            "value": {
                "peoplenum": 88
            }
        },
        {
            "timestamp": "2014-10-01T18:00:00",
            "value": {
                "peoplenum": 12
            }
        },
        {
            "timestamp": "2014-10-01T19:00:00",
            "value": {
                "peoplenum": 31
            }
        },
        {
            "timestamp": "2014-10-01T20:00:00",
            "value": {
                "peoplenum": 6
            }
        },
        {
            "timestamp": "2014-10-01T21:00:00",
            "value": {
                "peoplenum": 12
            }
        },
        {
            "timestamp": "2014-10-01T22:00:00",
            "value": {
                "peoplenum":  3
            }
        },
        {
            "timestamp": "2014-10-01T23:00:00",
            "value": {
                "peoplenum": 8
            }
        },
        {
            "timestamp": "2014-10-02T00:00:00",
            "value": {
                "peoplenum": 3
            }
        },
        {
            "timestamp": "2014-10-02T01:00:00",
            "value": {
                "peoplenum": 2
            }
        },
        {
            "timestamp": "2014-10-02T02:00:00",
            "value": {
                "peoplenum": 0
            }
        },
        {
            "timestamp": "2014-10-02T03:00:00",
            "value": {
                "peoplenum": 0
            }
        },
        {
            "timestamp": "2014-10-02T04:00:00",
            "value": {
                "peoplenum": 0
            }
        },
        {
            "timestamp": "2014-10-02T05:00:00",
            "value": {
                "peoplenum": 0
            }
        },
        {
            "timestamp": "2014-10-02T06:00:00",
            "value": {
                "peoplenum": 0
            }
        },
        {
            "timestamp": "2014-10-02T07:00:00",
            "value": {
                "peoplenum": 0
            }
        },
        {
            "timestamp": "2014-10-02T08:00:00",
            "value": {
                "peoplenum": 232
            }
        },
        {
            "timestamp": "2014-10-02T09:00:00",
            "value": {
                "peoplenum": 432
            }
        },
        {
            "timestamp": "2014-10-02T10:00:00",
            "value": {
                "peoplenum": 132
            }
        },
        {
            "timestamp": "2014-10-02T11:00:00",
            "value": {
                "peoplenum": 18
            }
        },
        {
            "timestamp": "2014-10-02T12:00:00",
            "value": {
                "peoplenum": 119
            }
        },
        {
            "timestamp": "2014-10-02T13:00:00",
            "value": {
                "peoplenum": 125
            }
        },
        {
            "timestamp": "2014-10-02T14:00:00",
            "value": {
                "peoplenum": 147
            }
        },
        {
            "timestamp": "2014-10-02T15:00:00",
            "value": {
                "peoplenum": 545
            }
        },
        {
            "timestamp": "2014-10-02T16:00:00",
            "value": {
                "peoplenum": 211
            }
        },
        {
            "timestamp": "2014-10-02T17:00:00",
            "value": {
                "peoplenum": 48.26
            }
        },
        {
            "timestamp": "2014-10-02T18:00:00",
            "value": {
                "peoplenum": 79
            }
        },
        {
            "timestamp": "2014-10-02T19:00:00",
            "value": {
                "peoplenum": 15
            }
        },
        {
            "timestamp": "2014-10-02T20:00:00",
            "value": {
                "peoplenum": 12
            }
        },
        {
            "timestamp": "2014-10-02T21:00:00",
            "value": {
                "peoplenum": 18
            }
        },
        {
            "timestamp": "2014-10-02T22:00:00",
            "value": {
                "peoplenum": 10
            }
        },
        {
            "timestamp": "2014-10-02T23:00:00",
            "value": {
                "peoplenum": 1
            }
        },
        {
            "timestamp": "2014-10-03T00:00:00",
            "value": {
                "peoplenum": 9
            }
        },
        {
            "timestamp": "2014-10-03T01:00:00",
            "value": {
                "peoplenum": 0
            }
        },
        {
            "timestamp": "2014-10-03T02:00:00",
            "value": {
                "peoplenum": 0
            }
        },
        {
            "timestamp": "2014-10-03T03:00:00",
            "value": {
                "peoplenum": 0
            }
        },
        {
            "timestamp": "2014-10-03T04:00:00",
            "value": {
                "peoplenum": 0
            }
        },
        {
            "timestamp": "2014-10-03T05:00:00",
            "value": {
                "peoplenum": 0
            }
        },
        {
            "timestamp": "2014-10-03T06:00:00",
            "value": {
                "peoplenum": 3
            }
        },
        {
            "timestamp": "2014-10-03T07:00:00",
            "value": {
                "peoplenum": 3
            }
        },
        {
            "timestamp": "2014-10-03T08:00:00",
            "value": {
                "peoplenum": 82
            }
        },
        {
            "timestamp": "2014-10-03T09:00:00",
            "value": {
                "peoplenum": 203
            }
        },
        {
            "timestamp": "2014-10-03T10:00:00",
            "value": {
                "peoplenum": 175
            }
        },
        {
            "timestamp": "2014-10-03T11:00:00",
            "value": {
                "peoplenum": 349
            }
        },
        {
            "timestamp": "2014-10-03T12:00:00",
            "value": {
                "peoplenum": 53
            }
        },
        {
            "timestamp": "2014-10-03T13:00:00",
            "value": {
                "peoplenum": 86
            }
        },
        {
            "timestamp": "2014-10-03T14:00:00",
            "value": {
                "peoplenum": 258
            }
        },
        {
            "timestamp": "2014-10-03T15:00:00",
            "value": {
                "peoplenum": 479
            }
        },
        {
            "timestamp": "2014-10-03T16:00:00",
            "value": {
                "peoplenum": 58
            }
        },
        {
            "timestamp": "2014-10-03T17:00:00",
            "value": {
                "peoplenum": 76
            }
        },
        {
            "timestamp": "2014-10-03T18:00:00",
            "value": {
                "peoplenum": 68
            }
        },
        {
            "timestamp": "2014-10-03T19:00:00",
            "value": {
                "peoplenum": 5
            }
        },
        {
            "timestamp": "2014-10-03T20:00:00",
            "value": {
                "peoplenum": 66
            }
        },
        {
            "timestamp": "2014-10-03T21:00:00",
            "value": {
                "peoplenum": 71
            }
        },
        {
            "timestamp": "2014-10-03T22:00:00",
            "value": {
                "peoplenum": 96
            }
        },
        {
            "timestamp": "2014-10-03T23:00:00",
            "value": {
                "peoplenum": 84
            }
        },
        {
            "timestamp": "2014-10-04T00:00:00",
            "value": {
                "peoplenum": 0
            }
        },
        {
            "timestamp": "2014-10-04T01:00:00",
            "value": {
                "peoplenum": 0
            }
        },
        {
            "timestamp": "2014-10-04T02:00:00",
            "value": {
                "peoplenum": 0
            }
        },
        {
            "timestamp": "2014-10-04T03:00:00",
            "value": {
                "peoplenum": 0
            }
        },
        {
            "timestamp": "2014-10-04T04:00:00",
            "value": {
                "peoplenum": 0
            }
        },
        {
            "timestamp": "2014-10-04T05:00:00",
            "value": {
                "peoplenum":0
            }
        },
        {
            "timestamp": "2014-10-04T06:00:00",
            "value": {
                "peoplenum":0
            }
        },
        {
            "timestamp": "2014-10-04T07:00:00",
            "value": {
                "peoplenum": 43
            }
        },
        {
            "timestamp": "2014-10-04T08:00:00",
            "value": {
                "peoplenum": 89
            }
        },
        {
            "timestamp": "2014-10-04T09:00:00",
            "value": {
                "peoplenum": 266
            }
        },
        {
            "timestamp": "2014-10-04T10:00:00",
            "value": {
                "peoplenum": 13
            }
        },
        {
            "timestamp": "2014-10-04T11:00:00",
            "value": {
                "peoplenum": 61
            }
        },
        {
            "timestamp": "2014-10-04T12:00:00",
            "value": {
                "peoplenum": 181
            }
        },
        {
            "timestamp": "2014-10-04T13:00:00",
            "value": {
                "peoplenum": 102
            }
        },
        {
            "timestamp": "2014-10-04T14:00:00",
            "value": {
                "peoplenum": 46
            }
        },
        {
            "timestamp": "2014-10-04T15:00:00",
            "value": {
                "peoplenum": 364
            }
        },
        {
            "timestamp": "2014-10-04T16:00:00",
            "value": {
                "peoplenum": 62
            }
        },
        {
            "timestamp": "2014-10-04T17:00:00",
            "value": {
                "peoplenum": 16
            }
        },
        {
            "timestamp": "2014-10-04T18:00:00",
            "value": {
                "peoplenum": 12
            }
        },
        {
            "timestamp": "2014-10-04T19:00:00",
            "value": {
                "peoplenum": 13
            }
        },
        {
            "timestamp": "2014-10-04T20:00:00",
            "value": {
                "peoplenum": 8
            }
        },
        {
            "timestamp": "2014-10-04T21:00:00",
            "value": {
                "peoplenum": 7
            }
        },
        {
            "timestamp": "2014-10-04T22:00:00",
            "value": {
                "peoplenum": 4
            }
        },
        {
            "timestamp": "2014-10-04T23:00:00",
            "value": {
                "peoplenum":4
            }
        },
        {
            "timestamp": "2014-10-05T00:00:00",
            "value": {
                "peoplenum": 1
            }
        },
        {
            "timestamp": "2014-10-05T01:00:00",
            "value": {
                "peoplenum": 2
            }
        },
        {
            "timestamp": "2014-10-05T02:00:00",
            "value": {
                "peoplenum": 0
            }
        },
        {
            "timestamp": "2014-10-05T03:00:00",
            "value": {
                "peoplenum": 0
            }
        },
        {
            "timestamp": "2014-10-05T04:00:00",
            "value": {
                "peoplenum": 0
            }
        },
        {
            "timestamp": "2014-10-05T05:00:00",
            "value": {
                "peoplenum": 0
            }
        },
        {
            "timestamp": "2014-10-05T06:00:00",
            "value": {
                "peoplenum": 0
            }
        },
        {
            "timestamp": "2014-10-05T07:00:00",
            "value": {
                "peoplenum":37
            }
        },
        {
            "timestamp": "2014-10-05T08:00:00",
            "value": {
                "peoplenum": 39
            }
        },
        {
            "timestamp": "2014-10-05T09:00:00",
            "value": {
                "peoplenum": 276
            }
        },
        {
            "timestamp": "2014-10-05T10:00:00",
            "value": {
                "peoplenum": 41
            }
        },
        {
            "timestamp": "2014-10-05T11:00:00",
            "value": {
                "peoplenum": 49
            }
        },
        {
            "timestamp": "2014-10-05T12:00:00",
            "value": {
                "peoplenum": 134
            }
        },
        {
            "timestamp": "2014-10-05T13:00:00",
            "value": {
                "peoplenum": 192
            }
        },
        {
            "timestamp": "2014-10-05T14:00:00",
            "value": {
                "peoplenum": 315
            }
        },
        {
            "timestamp": "2014-10-05T15:00:00",
            "value": {
                "peoplenum": 439
            }
        },
        {
            "timestamp": "2014-10-05T16:00:00",
            "value": {
                "peoplenum": 24
            }
        },
        {
            "timestamp": "2014-10-05T17:00:00",
            "value": {
                "peoplenum": 59
            }
        },
        {
            "timestamp": "2014-10-05T18:00:00",
            "value": {
                "peoplenum": 31
            }
        },
        {
            "timestamp": "2014-10-05T19:00:00",
            "value": {
                "peoplenum": 9
            }
        },
        {
            "timestamp": "2014-10-05T20:00:00",
            "value": {
                "peoplenum": 1
            }
        },
        {
            "timestamp": "2014-10-05T21:00:00",
            "value": {
                "peoplenum": 59
            }
        },
        {
            "timestamp": "2014-10-05T22:00:00",
            "value": {
                "peoplenum":  8
            }
        },
        {
            "timestamp": "2014-10-05T23:00:00",
            "value": {
                "peoplenum": 6
            }
        },
        {
            "timestamp": "2014-10-06T00:00:00",
            "value": {
                "peoplenum": 6
            }
        },
        {
            "timestamp": "2014-10-06T01:00:00",
            "value": {
                "peoplenum":9
            }
        },
        {
            "timestamp": "2014-10-06T02:00:00",
            "value": {
                "peoplenum": 0
            }
        },
        {
            "timestamp": "2014-10-06T03:00:00",
            "value": {
                "peoplenum": 0
            }
        },
        {
            "timestamp": "2014-10-06T04:00:00",
            "value": {
                "peoplenum": 0
            }
        },
        {
            "timestamp": "2014-10-06T05:00:00",
            "value": {
                "peoplenum": 0
            }
        },
        {
            "timestamp": "2014-10-06T06:00:00",
            "value": {
                "peoplenum": 0
            }
        },
        {
            "timestamp": "2014-10-06T07:00:00",
            "value": {
                "peoplenum": 10
            }
        },
        {
            "timestamp": "2014-10-06T08:00:00",
            "value": {
                "peoplenum": 34
            }
        },
        {
            "timestamp": "2014-10-06T09:00:00",
            "value": {
                "peoplenum": 317
            }
        },
        {
            "timestamp": "2014-10-06T10:00:00",
            "value": {
                "peoplenum": 212
            }
        },
        {
            "timestamp": "2014-10-06T11:00:00",
            "value": {
                "peoplenum": 11
            }
        },
        {
            "timestamp": "2014-10-06T12:00:00",
            "value": {
                "peoplenum": 98
            }
        },
        {
            "timestamp": "2014-10-06T13:00:00",
            "value": {
                "peoplenum": 122
            }
        },
        {
            "timestamp": "2014-10-06T14:00:00",
            "value": {
                "peoplenum": 162
            }
        },
        {
            "timestamp": "2014-10-06T15:00:00",
            "value": {
                "peoplenum": 464
            }
        },
        {
            "timestamp": "2014-10-06T16:00:00",
            "value": {
                "peoplenum": 14
            }
        },
        {
            "timestamp": "2014-10-06T17:00:00",
            "value": {
                "peoplenum": 37
            }
        },
        {
            "timestamp": "2014-10-06T18:00:00",
            "value": {
                "peoplenum": 31
            }
        },
        {
            "timestamp": "2014-10-06T19:00:00",
            "value": {
                "peoplenum": 4
            }
        },
        {
            "timestamp": "2014-10-06T20:00:00",
            "value": {
                "peoplenum": 3
            }
        },
        {
            "timestamp": "2014-10-06T21:00:00",
            "value": {
                "peoplenum": 26
            }
        },
        {
            "timestamp": "2014-10-06T22:00:00",
            "value": {
                "peoplenum": 0
            }
        },
        {
            "timestamp": "2014-10-06T23:00:00",
            "value": {
                "peoplenum": 21
            }
        },
        {
            "timestamp": "2014-10-07T00:00:00",
            "value": {
                "peoplenum": 9
            }
        },
        {
            "timestamp": "2014-10-07T01:00:00",
            "value": {
                "peoplenum": 4
            }
        },
        {
            "timestamp": "2014-10-07T02:00:00",
            "value": {
                "peoplenum": 0
            }
        },
        {
            "timestamp": "2014-10-07T03:00:00",
            "value": {
                "peoplenum": 0
            }
        },
        {
            "timestamp": "2014-10-07T04:00:00",
            "value": {
                "peoplenum": 0
            }
        },
        {
            "timestamp": "2014-10-07T05:00:00",
            "value": {
                "peoplenum": 0
            }
        },
        {
            "timestamp": "2014-10-07T06:00:00",
            "value": {
                "peoplenum": 0
            }
        },
        {
            "timestamp": "2014-10-07T07:00:00",
            "value": {
                "peoplenum": 6
            }
        },
        {
            "timestamp": "2014-10-07T08:00:00",
            "value": {
                "peoplenum": 72
            }
        },
        {
            "timestamp": "2014-10-07T09:00:00",
            "value": {
                "peoplenum": 233
            }
        },
        {
            "timestamp": "2014-10-07T10:00:00",
            "value": {
                "peoplenum": 133
            }
        },
        {
            "timestamp": "2014-10-07T11:00:00",
            "value": {
                "peoplenum": 61
            }
        },
        {
            "timestamp": "2014-10-07T12:00:00",
            "value": {
                "peoplenum": 73
            }
        },
        {
            "timestamp": "2014-10-07T13:00:00",
            "value": {
                "peoplenum": 106
            }
        },
        {
            "timestamp": "2014-10-07T14:00:00",
            "value": {
                "peoplenum": 95
            }
        },
        {
            "timestamp": "2014-10-07T15:00:00",
            "value": {
                "peoplenum": 526
            }
        },
        {
            "timestamp": "2014-10-07T16:00:00",
            "value": {
                "peoplenum": 34
            }
        },
        {
            "timestamp": "2014-10-07T17:00:00",
            "value": {
                "peoplenum": 85
            }
        },
        {
            "timestamp": "2014-10-07T18:00:00",
            "value": {
                "peoplenum": 11
            }
        },
        {
            "timestamp": "2014-10-07T19:00:00",
            "value": {
                "peoplenum": 32
            }
        },
        {
            "timestamp": "2014-10-07T20:00:00",
            "value": {
                "peoplenum": 69
            }
        },
        {
            "timestamp": "2014-10-07T21:00:00",
            "value": {
                "peoplenum": 23
            }
        },
        {
            "timestamp": "2014-10-07T22:00:00",
            "value": {
                "peoplenum": 27
            }
        },
        {
            "timestamp": "2014-10-07T23:00:00",
            "value": {
                "peoplenum": 26
            }
        },
        {
            "timestamp": "2014-10-08T00:00:00",
            "value": {
                "peoplenum": 9
            }
        },
        {
            "timestamp": "2014-10-08T01:00:00",
            "value": {
                "peoplenum": 0
            }
        },
        {
            "timestamp": "2014-10-08T02:00:00",
            "value": {
                "peoplenum": 0
            }
        },
        {
            "timestamp": "2014-10-08T03:00:00",
            "value": {
                "peoplenum": 0
            }
        },
        {
            "timestamp": "2014-10-08T04:00:00",
            "value": {
                "peoplenum": 0
            }
        },
        {
            "timestamp": "2014-10-08T05:00:00",
            "value": {
                "peoplenum": 0
            }
        },
        {
            "timestamp": "2014-10-08T06:00:00",
            "value": {
                "peoplenum": 10
            }
        },
        {
            "timestamp": "2014-10-08T07:00:00",
            "value": {
                "peoplenum":  6
            }
        },
        {
            "timestamp": "2014-10-08T08:00:00",
            "value": {
                "peoplenum": 19
            }
        },
        {
            "timestamp": "2014-10-08T09:00:00",
            "value": {
                "peoplenum": 287
            }
        },
        {
            "timestamp": "2014-10-08T10:00:00",
            "value": {
                "peoplenum": 73
            }
        },
        {
            "timestamp": "2014-10-08T11:00:00",
            "value": {
                "peoplenum": 17
            }
        },
        {
            "timestamp": "2014-10-08T12:00:00",
            "value": {
                "peoplenum": 39
            }
        },
        {
            "timestamp": "2014-10-08T13:00:00",
            "value": {
                "peoplenum": 37
            }
        },
        {
            "timestamp": "2014-10-08T14:00:00",
            "value": {
                "peoplenum": 39
            }
        },
        {
            "timestamp": "2014-10-08T15:00:00",
            "value": {
                "peoplenum": 409
            }
        },
        {
            "timestamp": "2014-10-08T16:00:00",
            "value": {
                "peoplenum": 96
            }
        },
        {
            "timestamp": "2014-10-08T17:00:00",
            "value": {
                "peoplenum": 61
            }
        },
        {
            "timestamp": "2014-10-08T18:00:00",
            "value": {
                "peoplenum": 4
            }
        },
        {
            "timestamp": "2014-10-08T19:00:00",
            "value": {
                "peoplenum": 4
            }
        },
        {
            "timestamp": "2014-10-08T20:00:00",
            "value": {
                "peoplenum": 54
            }
        },
        {
            "timestamp": "2014-10-08T21:00:00",
            "value": {
                "peoplenum": 59
            }
        },
        {
            "timestamp": "2014-10-08T22:00:00",
            "value": {
                "peoplenum": 3
            }
        },
        {
            "timestamp": "2014-10-08T23:00:00",
            "value": {
                "peoplenum": 7
            }
        },
        {
            "timestamp": "2014-10-09T00:00:00",
            "value": {
                "peoplenum": 0
            }
        },
        {
            "timestamp": "2014-10-09T01:00:00",
            "value": {
                "peoplenum": 0
            }
        },
        {
            "timestamp": "2014-10-09T02:00:00",
            "value": {
                "peoplenum": 0
            }
        },
        {
            "timestamp": "2014-10-09T03:00:00",
            "value": {
                "peoplenum": 0
            }
        },
        {
            "timestamp": "2014-10-09T04:00:00",
            "value": {
                "peoplenum": 0
            }
        },
        {
            "timestamp": "2014-10-09T05:00:00",
            "value": {
                "peoplenum":0
            }
        },
        {
            "timestamp": "2014-10-09T06:00:00",
            "value": {
                "peoplenum": 0
            }
        },
        {
            "timestamp": "2014-10-09T07:00:00",
            "value": {
                "peoplenum": 10
            }
        },
        {
            "timestamp": "2014-10-09T08:00:00",
            "value": {
                "peoplenum": 58
            }
        },
        {
            "timestamp": "2014-10-09T09:00:00",
            "value": {
                "peoplenum": 576
            }
        },
        {
            "timestamp": "2014-10-09T10:00:00",
            "value": {
                "peoplenum": 562
            }
        },
        {
            "timestamp": "2014-10-09T11:00:00",
            "value": {
                "peoplenum": 57
            }
        },
        {
            "timestamp": "2014-10-09T12:00:00",
            "value": {
                "peoplenum": 56
            }
        },
        {
            "timestamp": "2014-10-09T13:00:00",
            "value": {
                "peoplenum": 54
            }
        },
        {
            "timestamp": "2014-10-09T14:00:00",
            "value": {
                "peoplenum": 254
            }
        },
        {
            "timestamp": "2014-10-09T15:00:00",
            "value": {
                "peoplenum": 454
            }
        },
        {
            "timestamp": "2014-10-09T16:00:00",
            "value": {
                "peoplenum": 53
            }
        },
        {
            "timestamp": "2014-10-09T17:00:00",
            "value": {
                "peoplenum": 54
            }
        },
        {
            "timestamp": "2014-10-09T18:00:00",
            "value": {
                "peoplenum": 53
            }
        },
        {
            "timestamp": "2014-10-09T19:00:00",
            "value": {
                "peoplenum": 57
            }
        },
        {
            "timestamp": "2014-10-09T20:00:00",
            "value": {
                "peoplenum": 61
            }
        },
        {
            "timestamp": "2014-10-09T21:00:00",
            "value": {
                "peoplenum": 62
            }
        },
        {
            "timestamp": "2014-10-09T22:00:00",
            "value": {
                "peoplenum": 6
            }
        },
        {
            "timestamp": "2014-10-09T23:00:00",
            "value": {
                "peoplenum": 6
            }
        },
        {
            "timestamp": "2014-10-10T00:00:00",
            "value": {
                "peoplenum": 6
            }
        },
        {
            "timestamp": "2014-10-10T01:00:00",
            "value": {
                "peoplenum": 0
            }
        },
        {
            "timestamp": "2014-10-10T02:00:00",
            "value": {
                "peoplenum": 0
            }
        },
        {
            "timestamp": "2014-10-10T03:00:00",
            "value": {
                "peoplenum": 0
            }
        },
        {
            "timestamp": "2014-10-10T04:00:00",
            "value": {
                "peoplenum": 0
            }
        },
        {
            "timestamp": "2014-10-10T05:00:00",
            "value": {
                "peoplenum": 0
            }
        },
        {
            "timestamp": "2014-10-10T06:00:00",
            "value": {
                "peoplenum": 6
            }
        },
        {
            "timestamp": "2014-10-10T07:00:00",
            "value": {
                "peoplenum": 6
            }
        },
        {
            "timestamp": "2014-10-10T08:00:00",
            "value": {
                "peoplenum": 60
            }
        },
        {
            "timestamp": "2014-10-10T09:00:00",
            "value": {
                "peoplenum": 258
            }
        },
        {
            "timestamp": "2014-10-10T10:00:00",
            "value": {
                "peoplenum": 51
            }
        },
        {
            "timestamp": "2014-10-10T11:00:00",
            "value": {
                "peoplenum": 21
            }
        },
        {
            "timestamp": "2014-10-10T12:00:00",
            "value": {
                "peoplenum": 150
            }
        },
        {
            "timestamp": "2014-10-10T13:00:00",
            "value": {
                "peoplenum": 144
            }
        },
        {
            "timestamp": "2014-10-10T14:00:00",
            "value": {
                "peoplenum": 244
            }
        },
        {
            "timestamp": "2014-10-10T15:00:00",
            "value": {
                "peoplenum": 446
            }
        },
        {
            "timestamp": "2014-10-10T16:00:00",
            "value": {
                "peoplenum": 47
            }
        },
        {
            "timestamp": "2014-10-10T17:00:00",
            "value": {
                "peoplenum": 5
            }
        },
        {
            "timestamp": "2014-10-10T18:00:00",
            "value": {
                "peoplenum": 4
            }
        },
        {
            "timestamp": "2014-10-10T19:00:00",
            "value": {
                "peoplenum": 5
            }
        },
        {
            "timestamp": "2014-10-10T20:00:00",
            "value": {
                "peoplenum": 4
            }
        },
        {
            "timestamp": "2014-10-10T21:00:00",
            "value": {
                "peoplenum": 4
            }
        },
        {
            "timestamp": "2014-10-10T22:00:00",
            "value": {
                "peoplenum": 5
            }
        },
        {
            "timestamp": "2014-10-10T23:00:00",
            "value": {
                "peoplenum": 56
            }
        },
        {
            "timestamp": "2014-10-11T00:00:00",
            "value": {
                "peoplenum": 5
            }
        },
        {
            "timestamp": "2014-10-11T01:00:00",
            "value": {
                "peoplenum": 5
            }
        },
        {
            "timestamp": "2014-10-11T02:00:00",
            "value": {
                "peoplenum": 5
            }
        },
        {
            "timestamp": "2014-10-11T03:00:00",
            "value": {
                "peoplenum": 0
            }
        },
        {
            "timestamp": "2014-10-11T04:00:00",
            "value": {
                "peoplenum": 0
            }
        },
        {
            "timestamp": "2014-10-11T05:00:00",
            "value": {
                "peoplenum": 0
            }
        },
        {
            "timestamp": "2014-10-11T06:00:00",
            "value": {
                "peoplenum": 0
            }
        },
        {
            "timestamp": "2014-10-11T07:00:00",
            "value": {
                "peoplenum": 0
            }
        },
        {
            "timestamp": "2014-10-11T08:00:00",
            "value": {
                "peoplenum": 47
            }
        },
        {
            "timestamp": "2014-10-11T09:00:00",
            "value": {
                "peoplenum": 150
            }
        },
        {
            "timestamp": "2014-10-11T10:00:00",
            "value": {
                "peoplenum": 45
            }
        },
        {
            "timestamp": "2014-10-11T11:00:00",
            "value": {
                "peoplenum": 5
            }
        },
        {
            "timestamp": "2014-10-11T12:00:00",
            "value": {
                "peoplenum": 5
            }
        },
        {
            "timestamp": "2014-10-11T13:00:00",
            "value": {
                "peoplenum": 4
            }
        },
        {
            "timestamp": "2014-10-11T14:00:00",
            "value": {
                "peoplenum": 41
            }
        },
        {
            "timestamp": "2014-10-11T15:00:00",
            "value": {
                "peoplenum": 46
            }
        },
        {
            "timestamp": "2014-10-11T16:00:00",
            "value": {
                "peoplenum": 151
            }
        },
        {
            "timestamp": "2014-10-11T17:00:00",
            "value": {
                "peoplenum": 24
            }
        },
        {
            "timestamp": "2014-10-11T18:00:00",
            "value": {
                "peoplenum": 5
            }
        },
        {
            "timestamp": "2014-10-11T19:00:00",
            "value": {
                "peoplenum": 5
            }
        },
        {
            "timestamp": "2014-10-11T20:00:00",
            "value": {
                "peoplenum": 1
            }
        },
        {
            "timestamp": "2014-10-11T21:00:00",
            "value": {
                "peoplenum": 9
            }
        },
        {
            "timestamp": "2014-10-11T22:00:00",
            "value": {
                "peoplenum": 6
            }
        },
        {
            "timestamp": "2014-10-11T23:00:00",
            "value": {
                "peoplenum": 10
            }
        },
        {
            "timestamp": "2014-10-12T00:00:00",
            "value": {
                "peoplenum": 0
            }
        },
        {
            "timestamp": "2014-10-12T01:00:00",
            "value": {
                "peoplenum": 0
            }
        },
        {
            "timestamp": "2014-10-12T02:00:00",
            "value": {
                "peoplenum": 0
            }
        },
        {
            "timestamp": "2014-10-12T03:00:00",
            "value": {
                "peoplenum": 0
            }
        },
        {
            "timestamp": "2014-10-12T04:00:00",
            "value": {
                "peoplenum": 0
            }
        },
        {
            "timestamp": "2014-10-12T05:00:00",
            "value": {
                "peoplenum": 0
            }
        },
        {
            "timestamp": "2014-10-12T06:00:00",
            "value": {
                "peoplenum":0
            }
        },
        {
            "timestamp": "2014-10-12T07:00:00",
            "value": {
                "peoplenum":1
            }
        },
        {
            "timestamp": "2014-10-12T08:00:00",
            "value": {
                "peoplenum": 41
            }
        },
        {
            "timestamp": "2014-10-12T09:00:00",
            "value": {
                "peoplenum": 111
            }
        },
        {
            "timestamp": "2014-10-12T10:00:00",
            "value": {
                "peoplenum": 71
            }
        },
        {
            "timestamp": "2014-10-12T11:00:00",
            "value": {
                "peoplenum": 51
            }
        },
        {
            "timestamp": "2014-10-12T12:00:00",
            "value": {
                "peoplenum": 49
            }
        },
        {
            "timestamp": "2014-10-12T13:00:00",
            "value": {
                "peoplenum": 8
            }
        },
        {
            "timestamp": "2014-10-12T14:00:00",
            "value": {
                "peoplenum": 62
            }
        },
        {
            "timestamp": "2014-10-12T15:00:00",
            "value": {
                "peoplenum": 306
            }
        },
        {
            "timestamp": "2014-10-12T16:00:00",
            "value": {
                "peoplenum": 49
            }
        },
        {
            "timestamp": "2014-10-12T17:00:00",
            "value": {
                "peoplenum": 74
            }
        },
        {
            "timestamp": "2014-10-12T18:00:00",
            "value": {
                "peoplenum": 75
            }
        },
        {
            "timestamp": "2014-10-12T19:00:00",
            "value": {
                "peoplenum": 62
            }
        },
        {
            "timestamp": "2014-10-12T20:00:00",
            "value": {
                "peoplenum": 6
            }
        },
        {
            "timestamp": "2014-10-12T21:00:00",
            "value": {
                "peoplenum": 2
            }
        },
        {
            "timestamp": "2014-10-12T22:00:00",
            "value": {
                "peoplenum": 13
            }
        },
        {
            "timestamp": "2014-10-12T23:00:00",
            "value": {
                "peoplenum": 2
            }
        },
        {
            "timestamp": "2014-10-13T00:00:00",
            "value": {
                "peoplenum": 1
            }
        },
        {
            "timestamp": "2014-10-13T01:00:00",
            "value": {
                "peoplenum": 3
            }
        },
        {
            "timestamp": "2014-10-13T02:00:00",
            "value": {
                "peoplenum": 7
            }
        },
        {
            "timestamp": "2014-10-13T03:00:00",
            "value": {
                "peoplenum": 6
            }
        },
        {
            "timestamp": "2014-10-13T04:00:00",
            "value": {
                "peoplenum": 0 
            }
        },
        {
            "timestamp": "2014-10-13T05:00:00",
            "value": {
                "peoplenum": 0
            }
        },
        {
            "timestamp": "2014-10-13T06:00:00",
            "value": {
                "peoplenum": 0
            }
        },
        {
            "timestamp": "2014-10-13T07:00:00",
            "value": {
                "peoplenum": 10
            }
        },
        {
            "timestamp": "2014-10-13T08:00:00",
            "value": {
                "peoplenum": 62
            }
        },
        {
            "timestamp": "2014-10-13T09:00:00",
            "value": {
                "peoplenum": 159
            }
        },
        {
            "timestamp": "2014-10-13T10:00:00",
            "value": {
                "peoplenum": 38
            }
        },
        {
            "timestamp": "2014-10-13T11:00:00",
            "value": {
                "peoplenum": 24
            }
        },
        {
            "timestamp": "2014-10-13T12:00:00",
            "value": {
                "peoplenum": 48
            }
        },
        {
            "timestamp": "2014-10-13T13:00:00",
            "value": {
                "peoplenum": 16
            }
        },
        {
            "timestamp": "2014-10-13T14:00:00",
            "value": {
                "peoplenum": 56
            }
        },
        {
            "timestamp": "2014-10-13T15:00:00",
            "value": {
                "peoplenum": 337
            }
        },
        {
            "timestamp": "2014-10-13T16:00:00",
            "value": {
                "peoplenum": 2
            }
        },
        {
            "timestamp": "2014-10-13T17:00:00",
            "value": {
                "peoplenum": 35
            }
        },
        {
            "timestamp": "2014-10-13T18:00:00",
            "value": {
                "peoplenum": 11
            }
        },
        {
            "timestamp": "2014-10-13T19:00:00",
            "value": {
                "peoplenum":  11
            }
        },
        {
            "timestamp": "2014-10-13T20:00:00",
            "value": {
                "peoplenum":   44
            }
        },
        {
            "timestamp": "2014-10-13T21:00:00",
            "value": {
                "peoplenum": 4
            }
        },
        {
            "timestamp": "2014-10-13T22:00:00",
            "value": {
                "peoplenum":  1 
            }
        },
        {
            "timestamp": "2014-10-13T23:00:00",
            "value": {
                "peoplenum": 20
            }
        },
        {
            "timestamp": "2014-10-14T00:00:00",
            "value": {
                "peoplenum": 20
            }
        },
        {
            "timestamp": "2014-10-14T01:00:00",
            "value": {
                "peoplenum": 0
            }
        },
        {
            "timestamp": "2014-10-14T02:00:00",
            "value": {
                "peoplenum": 0
            }
        },
        {
            "timestamp": "2014-10-14T03:00:00",
            "value": {
                "peoplenum": 0
            }
        },
        {
            "timestamp": "2014-10-14T04:00:00",
            "value": {
                "peoplenum": 0
            }
        },
        {
            "timestamp": "2014-10-14T05:00:00",
            "value": {
                "peoplenum": 0
            }
        },
        {
            "timestamp": "2014-10-14T06:00:00",
            "value": {
                "peoplenum": 3
            }
        },
        {
            "timestamp": "2014-10-14T07:00:00",
            "value": {
                "peoplenum": 5
            }
        },
        {
            "timestamp": "2014-10-14T08:00:00",
            "value": {
                "peoplenum": 39
            }
        },
        {
            "timestamp": "2014-10-14T09:00:00",
            "value": {
                "peoplenum": 127
            }
        },
        {
            "timestamp": "2014-10-14T10:00:00",
            "value": {
                "peoplenum": 20
            }
        },
        {
            "timestamp": "2014-10-14T11:00:00",
            "value": {
                "peoplenum": 22
            }
        },
        {
            "timestamp": "2014-10-14T12:00:00",
            "value": {
                "peoplenum": 24
            }
        },
        {
            "timestamp": "2014-10-14T13:00:00",
            "value": {
                "peoplenum": 11
            }
        },
        {
            "timestamp": "2014-10-14T14:00:00",
            "value": {
                "peoplenum":  88
            }
        },
        {
            "timestamp": "2014-10-14T15:00:00",
            "value": {
                "peoplenum":  228
            }
        },
        {
            "timestamp": "2014-10-14T16:00:00",
            "value": {
                "peoplenum":  53
            }
        },
        {
            "timestamp": "2014-10-14T17:00:00",
            "value": {
                "peoplenum": 13
            }
        },
        {
            "timestamp": "2014-10-14T18:00:00",
            "value": {
                "peoplenum": 117
            }
        },
        {
            "timestamp": "2014-10-14T19:00:00",
            "value": {
                "peoplenum": 64
            }
        },
        {
            "timestamp": "2014-10-14T20:00:00",
            "value": {
                "peoplenum": 0
            }
        },
        {
            "timestamp": "2014-10-14T21:00:00",
            "value": {
                "peoplenum": 0
            }
        },
        {
            "timestamp": "2014-10-14T22:00:00",
            "value": {
                "peoplenum": 0
            }
        },
        {
            "timestamp": "2014-10-14T23:00:00",
            "value": {
                "peoplenum": 0
            }
        },
        {
            "timestamp": "2014-10-15T00:00:00",
            "value": {
                "peoplenum": 0
            }
        },
        {
            "timestamp": "2014-10-15T01:00:00",
            "value": {
                "peoplenum": 0
            }
        },
        {
            "timestamp": "2014-10-15T02:00:00",
            "value": {
                "peoplenum": 0
            }
        },
        {
            "timestamp": "2014-10-15T03:00:00",
            "value": {
                "peoplenum": 0
            }
        },
        {
            "timestamp": "2014-10-15T04:00:00",
            "value": {
                "peoplenum":  0
            }
        },
        {
            "timestamp": "2014-10-15T05:00:00",
            "value": {
                "peoplenum":0 
            }
        },
        {
            "timestamp": "2014-10-15T06:00:00",
            "value": {
                "peoplenum": 0 
            }
        },
        {
            "timestamp": "2014-10-15T07:00:00",
            "value": {
                "peoplenum": 0 
            }
        },
        {
            "timestamp": "2014-10-15T08:00:00",
            "value": {
                "peoplenum": 106
            }
        },
        {
            "timestamp": "2014-10-15T09:00:00",
            "value": {
                "peoplenum": 289
            }
        },
        {
            "timestamp": "2014-10-15T10:00:00",
            "value": {
                "peoplenum": 109
            }
        },
        {
            "timestamp": "2014-10-15T11:00:00",
            "value": {
                "peoplenum": 115
            }
        },
        {
            "timestamp": "2014-10-15T12:00:00",
            "value": {
                "peoplenum": 3
            }
        },
        {
            "timestamp": "2014-10-15T13:00:00",
            "value": {
                "peoplenum": 18
            }
        },
        {
            "timestamp": "2014-10-15T14:00:00",
            "value": {
                "peoplenum": 217
            }
        },
        {
            "timestamp": "2014-10-15T15:00:00",
            "value": {
                "peoplenum": 438
            }
        },
        {
            "timestamp": "2014-10-15T16:00:00",
            "value": {
                "peoplenum": 68
            }
        },
        {
            "timestamp": "2014-10-15T17:00:00",
            "value": {
                "peoplenum": 12
            }
        },
        {
            "timestamp": "2014-10-15T18:00:00",
            "value": {
                "peoplenum": 13
            }
        },
        {
            "timestamp": "2014-10-15T19:00:00",
            "value": {
                "peoplenum": 12
            }
        },
        {
            "timestamp": "2014-10-15T20:00:00",
            "value": {
                "peoplenum":  7
            }
        },
        {
            "timestamp": "2014-10-15T21:00:00",
            "value": {
                "peoplenum":  3
            }
        },
        {
            "timestamp": "2014-10-15T22:00:00",
            "value": {
                "peoplenum":  6
            }
        },
        {
            "timestamp": "2014-10-15T23:00:00",
            "value": {
                "peoplenum": 13
            }
        },
        {
            "timestamp": "2014-10-16T00:00:00",
            "value": {
                "peoplenum":  9
            }
        },
        {
            "timestamp": "2014-10-16T01:00:00",
            "value": {
                "peoplenum": 27
            }
        },
        {
            "timestamp": "2014-10-16T02:00:00",
            "value": {
                "peoplenum": 5
            }
        },
        {
            "timestamp": "2014-10-16T03:00:00",
            "value": {
                "peoplenum": 19
            }
        },
        {
            "timestamp": "2014-10-16T04:00:00",
            "value": {
                "peoplenum": 13
            }
        },
        {
            "timestamp": "2014-10-16T05:00:00",
            "value": {
                "peoplenum": 24
            }
        },
        {
            "timestamp": "2014-10-16T06:00:00",
            "value": {
                "peoplenum": 37
            }
        },
        {
            "timestamp": "2014-10-16T07:00:00",
            "value": {
                "peoplenum": 38
            }
        },
        {
            "timestamp": "2014-10-16T08:00:00",
            "value": {
                "peoplenum": 44
            }
        },
        {
            "timestamp": "2014-10-16T09:00:00",
            "value": {
                "peoplenum": 212
            }
        },
        {
            "timestamp": "2014-10-16T10:00:00",
            "value": {
                "peoplenum": 115
            }
        },
        {
            "timestamp": "2014-10-16T11:00:00",
            "value": {
                "peoplenum": 311
            }
        },
        {
            "timestamp": "2014-10-16T12:00:00",
            "value": {
                "peoplenum": 46
            }
        },
        {
            "timestamp": "2014-10-16T13:00:00",
            "value": {
                "peoplenum": 46
            }
        },
        {
            "timestamp": "2014-10-16T14:00:00",
            "value": {
                "peoplenum": 44
            }
        },
        {
            "timestamp": "2014-10-16T15:00:00",
            "value": {
                "peoplenum": 582
            }
        },
        {
            "timestamp": "2014-10-16T16:00:00",
            "value": {
                "peoplenum": 21
            }
        },
        {
            "timestamp": "2014-10-16T17:00:00",
            "value": {
                "peoplenum": 21
            }
        },
        {
            "timestamp": "2014-10-16T18:00:00",
            "value": {
                "peoplenum": 22
            }
        },
        {
            "timestamp": "2014-10-16T19:00:00",
            "value": {
                "peoplenum": 4
            }
        },
        {
            "timestamp": "2014-10-16T20:00:00",
            "value": {
                "peoplenum": 16
            }
        },
        {
            "timestamp": "2014-10-16T21:00:00",
            "value": {
                "peoplenum": 19
            }
        },
        {
            "timestamp": "2014-10-16T22:00:00",
            "value": {
                "peoplenum": 0
            }
        },
        {
            "timestamp": "2014-10-16T23:00:00",
            "value": {
                "peoplenum": 0
            }
        }
    ]
}